Тип акта,Номер,Дата,Кем принят,Краткий смысл
Судебное дело,3а-78/2026,2026,Суд ЯНАО,Административное дело по оспариванию тарифа на услугу Социальное такси.[file:3][file:13]
Определение суда,,20.04.2026,Суд ЯНАО,Принятие иска к производству и назначение заседания на 29.04.2026.[file:3]
Судебное извещение,,2026,Суд ЯНАО,Извещение о рассмотрении дела и процессуальных сроках.[file:2]
Постановление Правительства ЯНАО,557-П,25.06.2021,Правительство ЯНАО,Порядок предоставления субсидий поставщикам социальных услуг; один из оспариваемых актов.[file:12][file:15]
Приказ ДСЗН ЯНАО,202-ОД,25.12.2024,Департамент социальной защиты населения ЯНАО,Утверждение тарифов на социальные услуги; содержит спорный тариф 884,40 руб. за поездку.[file:11][file:13]
Федеральный закон,442-ФЗ,28.12.2013,Федеральный законодатель,Об основах социального обслуживания граждан в РФ; один из базовых актов спора.[file:1][file:5][file:9][file:13]
Федеральный закон,189-ФЗ,13.07.2020,Федеральный законодатель,О государственном (муниципальном) социальном заказе; используется в аргументации по тарифам и условиям оказания услуги.[file:1][file:5][file:9][file:13]
Федеральный закон,181-ФЗ,24.11.1995,Федеральный законодатель,О социальной защите инвалидов в РФ; используется в аргументации истца о правах получателей услуги.[file:1][file:5][file:9][file:13]
Федеральный закон,135-ФЗ,26.07.2006,Федеральный законодатель,О защите конкуренции; используется в доводах о недопустимости дискриминационных условий.[file:1][file:5][file:9][file:13]
Закон ЯНАО,8-ЗАО,09.02.2009,Законодатель ЯНАО,Региональный акт, на который ссылаются материалы дела по вопросам социального обслуживания и полномочий.[file:1][file:5][file:9][file:13]
Постановление Правительства РФ,498,31.03.2021,Правительство РФ,Акт, упомянутый в перечне НПА по делу; используется в правовом обосновании позиции.[file:1][file:5][file:9]
Постановление Правительства РФ,398,08.08.2016,Правительство РФ,Акт о правилах формирования тарифов и расчета нормативных затрат, упомянутый в материалах дела.[file:1][file:5][file:9]
Закон ЯНАО,36-ЗАО,27.09.2016,Законодатель ЯНАО,Региональный закон, фигурирующий в перечне актов по делу.[file:5][file:9]
Закон ЯНАО,21-ЗАО,28.06.2022,Законодатель ЯНАО,Региональный закон, упомянутый в перечне НПА по делу.[file:5][file:9]
Судебный акт,46-17-5,18.04.2017,Верховный Суд РФ,Судебная практика, указанная в перечне источников истца.[file:5][file:9]
Судебный акт,14-П,23.05.2017,Конституционный Суд РФ,Судебная практика, указанная в перечне источников истца.[file:5][file:9]
